Marker,Myu
D3S1358,0.001474647
vWA,0.002858327
D16S539,0.001479789
CSF1PO,0.002240583
TPOX,2.27E-04
D8S1179,0.001433812
D21S11,0.001130039
D18S51,0.001588339
D2S441,0.001521043
D19S433,0.001069792
TH01,9.22E-05
FGA,0.002602109
D22S1045,0.001521043
D5S818,0.00184855
D13S317,0.001574558
D7S820,0.001179836
SE33,0.001521043
D10S1248,0.001521043
D1S1656,0.001521043
D12S391,0.001521043
D2S1338,0.001130039
